{
    "coverImageFilename": "cover.png",
    "icon": "cover.png",
    "components": [
        {
            "type": "FileCopyMod",
            "sourceFileName": "WaterBottleBloqs.qbloq",
            "targetRootedPathAndFileName": "/sdcard/Qosmetics/notes/testBloq.qbloq"
        }
    ],
    "version": "1.0.0",
    "links": {
        "pageLink": ""
    },
    "description": [
        "Waterbottle bloqs requested by FutureMapper #5124 by:"
    ],
    "gameVersion": "1.11.1",
    "platform": "Quest",
    "id": "WaterBottleBloqscalcalV1.0.0",
    "name": "WaterBottleBloqs",
    "author": "calcal",
    "category": "Bloq"
}