{
    "coverImageFilename": "cover.png",
    "icon": "cover.png",
    "components": [
        {
            "type": "FileCopyMod",
            "sourceFileName": "Delivery Box Bloqs.qbloq",
            "targetRootedPathAndFileName": "/sdcard/Qosmetics/notes/testBloq.qbloq"
        }
    ],
    "version": "1.0.0",
    "links": {
        "pageLink": ""
    },
    "description": [
        "Requested by FutureMapper #5124"
    ],
    "gameVersion": "1.11.1",
    "platform": "Quest",
    "id": "DeliveryBoxBloqscalcalV1.0.0",
    "name": "Delivery Box Bloqs",
    "author": "calcal",
    "category": "Bloq"
}